Karel Zemek;1992;66
Karolína Zemek;1992;66
Saša Hocek;2000;50
Miroslav Sudý;1987;76
Helena Holá;1981;88
Jonáš Šubrt;1981;68
Anna Vokounová;1994;62
Pavel Tichý;1978;94
Jitka Smutečná;1990;70
Patricie Falkotová;1991;44
Lenka Královcová;1984;61
Filip Padevět;1981;73
Jáchym Holub;1989;62
Josef Halama;1992;58
Patricie Polhová;2018;75
Roman Šustr;1987;92
Kateřina Zemek;1992;66
Kristián Zemek;1992;66
Simona Hocek;2000;50
Simon Hocek;2000;50
Nora Miller;1986;78
Norbert Miller;1986;78
Anežka Zemek;1978;90
Nikola Miller;1986;78